name,x,y,weight,notes
Ozon,56.772251,54.154748,1000.0,Работает с 09:00 по 21:00
Магнит Маркет,56.766075,54.09996,500.0,Работает с 08:00 до 20:00
Ozon,56.766623,54.1580018,300.0,Работает с 10:00 до 23:00
Wildberries,56.7824,54.152143,450.0,Доставка заказов с 21:00 до 09:00
Shop,56.777942,54.138093,850.0,Круглосуточно: Сб. Вс. Выходной
